Name;Abbreviation__c;Rating__c;Asset_Class__c;Sector__r.Sector_Id__c;YTD_Return__c;One_Year_Return__c;Two_Year_Return__c;Five_Year_Return__c;Segment
Predictive Trust 2025;PT2;4;Multi-Asset;33;3.3;1.1;9.9;9.0;Gold 
General 2025 Global;G2G;1;Volatility;33;12.3;-12.5;16.0;-6.2;Gold 
Madison 300 2025;M32;5;Fixed Income;5;-6.5;-0.2;16.7;-4.5;Gold 
3000 Fund First;3FF;1;Volatility;8;16.6;-2.2;5.7;4.5;Gold 
Cash 2025 Century;C2C;1;Equity;29;-16.2;-1.8;9.6;-2.2;Gold 
American 2030 Revenue;A2R;4;Commodity;26;-3.2;13.5;-15.6;-16.8;Gold 
Cash 2030 Commodities;C2C;4;Fixed Income;4;2.7;15.0;-12.6;-18.7;Gold 
2025 Global Cash;2GC;4;Currency;36;-14.9;-6.9;-7.2;13.6;Gold 
Cash Millenium Hamilton;CMH;2;Equity;13;-11.3;13.6;-6.3;-2.4;Gold 
Assets 2030 3000;A23;2;Fixed Income;3;-2.6;9.2;-18.9;1.0;Gold 
Principal 3000 First;P3F;4;Volatility;32;-15.6;1.4;17.6;12.4;Gold 
Financials 100 Capital;F1C;2;Bond;5;15.9;7.3;-14.4;3.1;Gold 
3000 Index Hamilton;3IH;1;Multi-Asset;11;-3.1;10.3;-2.9;8.9;Gold 
2025 Global Predictive;2GP;5;Volatility;7;-18.1;16.6;1.6;-12.9;Gold 
Principal 2025 Washington;P2W;1;Volatility;8;8.1;-8.2;19.9;0.8;Gold 
Index 2030 Madison;I2M;1;Bond;27;-8.2;-16.2;3.0;-13.3;Gold 
Fund Franklin Management;FFM;2;Equity;13;10.1;13.2;-9.7;1.4;Gold 
Retirement 500 Capital;R5C;3;Fixed Income;34;-10.1;-10.7;7.1;-5.6;Gold 
Investments Predictive Holding;IPH;1;Equity;1;1.2;5.2;5.1;7.3;Gold 
Commodities First 300;CF3;2;Equity;9;10.1;7.6;19.7;-12.4;Gold 
2025 Holding 3000;2H3;3;Volatility;38;19.9;10.4;19.5;-0.3;Gold 
3000 Global Century;3GC;3;Equity;13;-17.1;1.7;7.0;-6.4;Van Gogh 
Millenium 2025 Retirement;M2R;3;Commodity;5;14.3;16.1;15.3;-19.8;Van Gogh
Franklin Treasury Millenium;FTM;5;Bond;7;-10.4;-12.8;-10.4;-5.3;Gold 
Financials 2040 Jefferson;F2J;2;Currency;23;-19.4;2.9;-15.7;5.6;Select 
Investments Lincoln 300;IL3;2;Volatility;34;-0.7;12.9;5.7;3.1;Gold 
Jefferson Cash 2025;JC2;4;Commodity;31;-17.4;-18.9;-9.6;9.6;Select
Lincoln Management Assets;LMA;2;Currency;31;-1.4;-0.9;-10.3;-4.2;Select 
2040 3000 First;23F;5;Equity;22;-2.4;-6.1;8.0;2.1;Van Gogh 
2025 General Adams;2GA;4;Currency;39;-0.9;7.6;-16.7;-16.2;Select 
Assets Cash Trust;ACT;2;Bond;5;12.3;10.3;-8.8;-3.9;Select 
Market 3000 General;M3G;4;Volatility;39;-0.4;0.2;0.6;-3.2;Select 
Jefferson Diversified First;JDF;3;Equity;15;16.2;-3.1;-1.4;-17.7;Van Gogh
Commodities 2040 2020;C22;4;Commodity;3;8.1;-6.0;-6.9;-12.8;Van Gogh 
Capital Adams 300;CA3;3;Currency;35;-12.6;-1.8;18.7;-1.6;Van Gogh 
3000 2025 100;321;4;Fixed Income;27;-18.7;1.1;-15.7;13.5;Select 
Treasury 2025 3000;T23;4;Multi-Asset;4;-11.9;4.9;-2.0;10.1;Gold 
2025 Franklin 2025;2F2;1;Equity;33;-3.5;-17.3;18.5;-1.5;Van Gogh 
American Global Millenium;AGM;4;Fixed Income;26;-10.9;17.9;-3.2;-8.1;Van Gogh 
Revenue Washington 500;RW5;3;Equity;37;-6.4;2.3;9.2;-2.9;Van Gogh 
Index Trust Century;ITC;4;Volatility;11;6.5;6.5;-14.6;-18.4;Van Gogh 
Cash Franklin Adams;CFA;2;Volatility;29;-9.8;-3.0;12.2;-18.9;Select 
Retirement 2025 Treasury;R2T;5;Commodity;24;7.5;-5.4;1.6;3.8;Select 
Revenue General Jefferson;RGJ;3;Currency;36;-14.6;-3.6;-7.3;18.4;Gold 
Assets 2030 Treasury;A2T;1;Volatility;32;7.8;-9.7;-10.3;13.7;Select 
Century Investments 2030;CI2;5;Equity;39;-0.9;-6.8;-0.1;-6.2;Gold 
500 American Century;5AC;5;Volatility;38;-8.6;-7.0;3.8;-16.4;Van Gogh 
Hamilton International 100;HI1;3;Fixed Income;35;-18.8;6.8;-14.9;4.8;Van Gogh 
Cash 2025 Index;C2I;3;Multi-Asset;11;18.4;-15.7;-15.3;-9.6;Select 
Commodities Diversified Capital;CDC;3;Currency;24;-13.5;10.0;-4.8;18.2;Gold 
Lincoln Investments 2030;LI2;1;Commodity;27;-16.4;16.9;8.1;5.7;Gold 
Target Adams Principal;TAP;5;Equity;18;0.2;-13.6;-8.0;-12.0;Van Gogh 
Revenue Global Trust;RGT;3;Bond;11;14.7;-9.4;-0.1;1.7;Select 
Treasury Lincoln Holding;TLH;4;Bond;22;-11.0;-6.0;4.6;-11.4;Select 
Madison 2025 Commodities;M2C;5;Bond;27;-9.8;-19.5;13.0;-16.4;Gold 
Cash Management Predictive;CMP;3;Fixed Income;32;-7.2;-11.5;-16.9;6.8;Van Gogh 
2040 Holding Revenue;2HR;1;Equity;3;-19.2;8.9;13.3;6.2;Gold 
2040 Millenium 300;2M3;2;Equity;15;-5.6;-0.5;-10.8;17.6;Gold 
Global Madison Financials;GMF;2;Volatility;29;18.1;7.2;8.2;5.7 ;Gold 
100 Capital 2020;1C2;5;Fixed Income;32;14.7;10.8;5.6;19.4 ;Gold 
Trust Global Treasury;TGT;3;Volatility;12;-7.2;-8.5;19.3;-18.6 ;Gold 
Assets Predictive Cash;APC;5;Bond;16;12.5;9.7;17.8;15.7 ;Gold 
Management Index Lincoln;MIL;5;Bond;14;-19.9;-7.4;7.3;-0.4 ;Gold 
Diversified 500 Market;D5M;2;Volatility;37;8.0;7.6;6.5;19.4 ;Gold 
Fund Market Diversified;FMD;3;Multi-Asset;26;-6.1;-19.2;16.9;0.7 ;Gold 
International Financials Assets;IFA;5;Multi-Asset;29;18.3;-11.6;9.9;19.2 ;Gold 
International 2040 Holding;I2H;4;Volatility;14;0.2;-3.1;-2.0;-16.9 ;Gold 
Investments Madison 2020;IM2;2;Currency;4;-4.9;17.3;-14.4;-10.0 ;Gold 
Capital Washington Retirement;CWR;2;Commodity;33;9.3;-6.2;-18.4;2.5 ;Gold 
Century Cash Capital;CCC;3;Currency;27;-7.0;-12.9;-10.1;-5.4 ;Gold 
Principal Index Target;PIT;2;Commodity;40;-15.7;16.7;-17.1;-15.1 ;Gold 
Hamilton 300 Holding;H3H;5;Bond;14;-2.6;-12.4;-4.9;-0.2 ;Gold 
Adams Target Millenium;ATM;4;Volatility;18;17.5;-19.2;-0.5;4.5 ;Gold 
2025 International 2020;2I2;4;Fixed Income;32;12.6;6.6;10.9;-18.4 ;Gold 
Commodities Millenium Revenue;CMR;5;Bond;24;2.2;1.4;-15.9;10.8 ;Gold 
Treasury 100 Madison;T1M;3;Multi-Asset;36;-0.6;16.1;13.6;13.6 ;Gold 
Target Diversified Commodities;TDC;5;Bond;36;-16.1;19.7;5.8;-19.4 ;Gold 
First Lincoln 2025;FL2;2;Fixed Income;27;3.4;18.4;12.4;-11.9 ;Gold 
Capital 2040 Revenue;C2R;5;Commodity;6;9.8;-6.3;-14.9;12.0 ;Gold 
2030 Century Millenium;2CM;2;Volatility;18;-6.0;11.7;18.8;8.3 ;Van Gogh 
International 100 Market;I1M;5;Bond;32;1.7;1.8;-4.0;-2.4 ;Van Gogh
Century Jefferson Financials;CJF;3;Currency;11;-10.9;18.3;19.1;19.4 ;Gold 
Adams Washington Target;AWT;3;Commodity;6;5.8;-2.7;16.3;-16.6 ;Select 
Retirement Washington Treasury;RWT;3;Fixed Income;35;3.1;17.8;1.9;-13.7 ;Gold 
2040 Adams American;2AA;3;Volatility;19;-10.2;-12.9;12.7;5.4 ;Select
General American 2030;GA2;3;Multi-Asset;17;-14.2;-18.1;11.4;6.3 ;Select 
American Retirement Revenue;ARR;3;Volatility;1;11.8;2.8;13.8;15.0 ;Van Gogh 
Financials Century Madison;FCM;2;Commodity;1;-18.2;1.6;14.4;-5.3 ;Select 
Management Franklin Capital;MFC;3;Fixed Income;15;-18.3;4.7;-16.0;-5.5 ;Select 
2025 2020 Principal;22P;2;Volatility;24;-9.9;10.4;11.3;10.4 ;Select 
Investments International 2020;II2;2;Volatility;22;10.7;1.4;13.9;7.3 ;Van Gogh
100 Capital Trust;1CT;5;Equity;15;5.9;-20.0;-18.5;15.7 ;Van Gogh 
Principal 2025 General;P2G;1;Commodity;3;-0.9;6.5;11.3;-6.9 ;Van Gogh 
3000 Global Assets;3GA;5;Volatility;17;-15.9;-19.6;-6.7;12.2 ;Select 
Treasury 3000 Millenium;T3M;4;Multi-Asset;16;-11.8;8.9;-17.2;-2.7 ;Gold 
100 Revenue 2040;1R2;1;Commodity;3;11.7;-13.9;6.6;4.2 ;Van Gogh 
Cash Adams Fund;CAF;1;Fixed Income;21;19.2;-7.6;1.4;-0.8 ;Van Gogh 
Jefferson Lincoln First;JLF;2;Multi-Asset;36;3.7;-0.3;4.7;-18.9 ;Van Gogh 
Retirement Diversified American;RDA;3;Currency;0;5.1;-11.1;-18.3;-7.0 ;Van Gogh 
Predictive 2040 2025;P22;5;Volatility;0;-10.5;6.5;-2.7;-3.8 ;Select 
2020 First Management;2FM;2;Fixed Income;18;6.0;-1.5;-7.9;-7.8 ;Select 
First Predictive Diversified;FPD;1;Commodity;4;16.5;-13.8;-5.7;-14.9 ;Gold 
Jefferson Washington Century;JWC;2;Volatility;33;-0.7;6.7;15.4;-9.6 ;Select 
First 2025 Investments;F2I;3;Bond;23;-9.3;10.9;-2.4;1.9 ;Gold 
Market Index Adams;MIA;3;Fixed Income;18;-3.1;1.4;-18.3;-18.4 ;Van Gogh 
2025 Market Principal;2MP;5;Equity;29;9.8;-15.0;0.1;12.0 ;Van Gogh 
2025 International Madison;2IM;3;Multi-Asset;11;12.7;18.6;9.1;-0.3 ;Select 
First American 2040;FA2;3;Multi-Asset;39;18.7;1.4;-3.5;-3.3 ;Gold 
First 300 Century;F3C;3;Fixed Income;1;-15.2;16.3;7.6;-16.1 ;Gold 
Revenue 100 2025;R12;3;Volatility;32;-6.7;18.6;-7.5;7.1 ;Van Gogh 
100 International Franklin;1IF;2;Fixed Income;35;-6.7;-12.2;13.1;-0.6 ;Select 
100 Global Capital;1GC;4;Equity;26;-11.6;-4.6;5.1;-20.0 ;Select 
Principal 2030 Retirement;P2R;4;Volatility;31;-14.1;-12.5;6.3;-17.1 ;Gold 
Treasury Madison General;TMG;3;Bond;23;4.8;2.9;0.8;9.9 ;Van Gogh 
Predictive 2030 International;P2I;1;Fixed Income;34;11.7;-4.7;1.1;18.8 ;Gold 
Washington First Treasury;WFT;1;Bond;16;-11.5;3.7;3.6;-11.3 ;Gold 
Capital American 3000;CA3;2;Currency;37;10.6;-1.4;-15.3;-9.7 ;Gold 
Index International Adams;IIA;2;Equity;2;-7.1;16.9;6.1;-14.0 ;Gold 
Madison First Adams;MFA;3;Commodity;36;-18.3;-17.1;-4.3;-17.0 ;Gold 
Lincoln Management Trust;LMT;3;Equity;25;10.5;9.0;-12.9;9.5 ;Gold 
Treasury Target Market;TTM;2;Equity;16;4.9;2.1;1.3;1.3 ;Gold 
3000 Treasury 2025;3T2;5;Currency;33;-10.4;-12.8;18.3;-6.7 ;Gold 
Trust Revenue Commodities;TRC;3;Bond;26;5.5;-3.8;-14.3;7.5 ;Gold 
Lincoln 2020 American;L2A;3;Currency;16;-16.7;2.2;15.8;-19.1 ;Gold 
International Jefferson Washington;IJW;2;Volatility;6;14.9;-10.0;-19.7;-15.1 ;Gold 
Financials 2030 American;F2A;1;Bond;35;2.4;-0.9;4.9;17.5 ;Gold 
General Franklin International;GFI;4;Commodity;16;-14.1;18.1;-8.2;3.1 ;Gold 
Trust Century Jefferson;TCJ;5;Equity;32;19.8;-9.4;-10.6;-5.4 ;Gold 
Trust Index Hamilton;TIH;2;Commodity;31;-5.9;-2.9;-2.2;-9.3 ;Gold 
Jefferson Principal Index;JPI;1;Currency;35;4.4;4.3;-12.9;-19.4 ;Gold 
American 2040 Principal;A2P;2;Commodity;31;-16.7;-14.7;-8.6;-0.4 ;Gold 
Commodities First Century;CFC;3;Volatility;10;-11.8;-19.6;-6.0;-10.9 ;Gold 
Revenue Hamilton 2030;RH2;4;Bond;22;-3.5;14.2;-4.7;-12.4 ;Gold 
2030 Lincoln Global;2LG;2;Bond;9;-8.0;-7.4;16.1;13.1 ;Gold 
Lincoln Century Trust;LCT;2;Equity;34;-17.4;2.2;-18.9;-19.5 ;Gold 
Diversified 3000 2020;D32;2;Volatility;31;-6.0;-10.8;-2.9;-12.5 ;Gold 
Jefferson Global Index;JGI;3;Bond;26;3.8;2.2;15.4;-17.8 ;Gold 
Century Diversified Management;CDM;1;Commodity;35;1.4;-4.7;6.3;5.0 ;Van Gogh 
Index Century Commodities;ICC;4;Commodity;24;9.2;18.1;0.5;1.2 ;Van Gogh
Diversified Capital Market;DCM;2;Fixed Income;37;-18.8;2.6;-3.3;9.6 ;Gold 
Index Revenue Principal;IRP;4;Commodity;16;-0.4;9.8;18.4;-14.7 ;Select 
Adams Retirement 100;AR1;5;Commodity;35;-8.0;13.1;8.9;-15.8 ;Gold 
100 Cash Lincoln;1CL;2;Volatility;10;6.3;0.6;-12.4;5.4 ;Select
Treasury General 2020;TG2;5;Fixed Income;31;18.1;-3.2;-3.4;10.7 ;Select 
Commodities Target Hamilton;CTH;4;Volatility;31;2.3;-15.4;-2.3;-16.4 ;Van Gogh 
2040 Fund Millenium;2FM;3;Commodity;12;3.6;12.9;-15.4;-11.9 ;Select 
First Madison Market;FMM;4;Volatility;4;3.1;-7.2;-9.7;17.1 ;Select 
Target Lincoln First;TLF;1;Bond;12;-14.5;10.5;10.8;17.6 ;Select 
100 2030 Investments;12I;1;Volatility;1;-10.6;-16.6;16.7;9.7 ;Van Gogh
Global 300 Treasury;G3T;4;Multi-Asset;33;13.8;14.1;-19.0;-7.5 ;Van Gogh 
Index 2020 Retirement;I2R;3;Volatility;12;19.0;18.5;7.1;-10.7 ;Van Gogh 
2025 Market International;2MI;1;Fixed Income;21;3.7;3.7;9.9;1.1 ;Select 
3000 2025 General;32G;2;Bond;35;11.7;17.0;9.3;-2.8 ;Gold 
2040 2025 Century;22C;3;Volatility;25;6.6;16.4;0.3;-17.0 ;Van Gogh 
2040 Investments Commodities;2IC;3;Equity;12;16.4;18.6;-20.0;-16.7 ;Van Gogh 
Predictive Madison Management;PMM;3;Equity;32;-18.7;2.6;-10.5;-16.7 ;Van Gogh 
American 2040 Financials;A2F;5;Volatility;22;1.9;11.7;-9.1;17.9 ;Van Gogh 
Jefferson Predictive Market;JPM;2;Currency;23;9.9;17.1;10.3;19.9 ;Select 
2020 Management Madison;2MM;4;Currency;28;12.4;-6.1;9.0;9.4 ;Select 
Predictive 300 Millenium;P3M;3;Volatility;6;8.5;-16.3;-13.3;-12.0 ;Gold 
Target Cash Revenue;TCR;3;Bond;14;-2.4;-3.3;-19.9;-18.6 ;Select 
General Retirement Jefferson;GRJ;4;Equity;13;17.8;-15.2;17.6;12.6 ;Gold 
Holding 300 500;H35;3;Multi-Asset;31;7.8;1.2;7.3;13.7 ;Van Gogh 
Management International Market;MIM;3;Fixed Income;4;-14.8;-6.4;-0.7;17.0 ;Van Gogh 
Jefferson Lincoln Index;JLI;3;Commodity;40;11.4;12.9;2.6;-16.3 ;Select 
2030 Madison International;2MI;3;Multi-Asset;14;18.0;-11.9;-16.7;-10.9 ;Gold 
Adams Fund Investments;AFI;3;Commodity;34;15.8;13.6;19.1;10.0 ;Gold 
Madison Cash Franklin;MCF;1;Bond;5;-8.4;-19.1;-8.8;14.8 ;Van Gogh 
Holding Target Lincoln;HTL;5;Currency;36;-15.8;-18.7;14.9;4.4 ;Select 
Millenium 300 500;M35;3;Fixed Income;38;-0.7;-4.6;9.3;-10.3 ;Select 
Revenue Retirement International;RRI;5;Currency;9;-17.8;-3.5;0.1;17.0 ;Gold 
Jefferson Washington Franklin;JWF;2;Fixed Income;19;-6.1;-4.4;-3.8;-15.5 ;Van Gogh 
Cash Millenium 2040;CM2;1;Multi-Asset;2;13.2;-9.1;-0.1;-9.7 ;Gold 
Trust First Global;TFG;3;Commodity;39;16.1;-4.4;-12.6;18.5 ;Gold 
Madison Financials Target;MFT;3;Equity;4;-18.4;-11.9;-13.7;5.3 ;Gold 
Commodities Treasury Washington;CTW;3;Fixed Income;4;5.6;-6.8;11.7;18.5 ;Gold 
Hamilton Index American;HIA;2;Bond;13;-18.7;-9.0;-0.9;-19.9 ;Gold 
Cash 3000 Predictive;C3P;2;Bond;11;14.3;7.5;-18.4;-15.8 ;Gold 
Trust Diversified 100;TD1;4;Multi-Asset;31;-12.9;-0.9;8.3;-19.7 ;Gold 
Fund Target Management;FTM;2;Currency;35;11.7;-0.9;2.2;-10.8 ;Gold 
2030 300 Management;23M;1;Equity;11;-0.8;-6.1;-17.6;-15.7 ;Gold 
Principal Revenue Diversified;PRD;1;Volatility;12;19.5;-13.6;12.8;-10.2 ;Gold 
General Diversified American;GDA;5;Equity;22;-2.5;18.7;7.4;-2.4 ;Gold 
2020 2025 Market;22M;1;Commodity;14;1.5;-12.6;12.3;16.8 ;Gold 
Treasury Franklin Adams;TFA;3;Currency;39;9.7;-6.9;-5.4;11.2 ;Gold 
Lincoln Treasury Financials;LTF;4;Commodity;26;17.4;11.9;-10.9;6.2 ;Gold 
Lincoln Principal 2030;LP2;5;Bond;9;3.9;-16.9;9.7;5.8 ;Gold 
Washington Hamilton 2020;WH2;5;Currency;31;-14.8;-2.9;-5.3;16.7 ;Gold 
Target Diversified 100;TD1;1;Fixed Income;22;14.4;-7.4;12.3;-10.0 ;Gold 
Investments Lincoln Century;ILC;2;Currency;22;-18.0;17.4;-6.2;3.0 ;Gold 
Predictive Cash Management;PCM;1;Bond;39;-1.3;10.7;-17.8;15.0 ;Gold 
Century Assets Trust;CAT;1;Commodity;21;3.3;-13.3;4.2;-4.4 ;Gold 
Capital Trust Cash;CTC;2;Bond;40;-6.5;-7.7;17.6;11.5 ;Gold 
Predictive Financials 100;PF1;5;Multi-Asset;18;-1.2;-11.1;10.7;7.8 ;Gold 
Predictive 2040 General;P2G;3;Volatility;17;-16.0;-14.7;-2.9;-5.2 ;Gold 
Revenue Assets Predictive;RAP;4;Equity;30;4.4;-13.9;-7.1;1.9 ;Van Gogh 
Financials Retirement 2020;FR2;3;Volatility;0;1.9;5.0;14.6;-14.9 ;Van Gogh
Principal 2030 Holding;P2H;3;Multi-Asset;32;-7.2;19.6;-16.4;-6.4 ;Gold 
First Capital Management;FCM;5;Volatility;24;-19.6;0.3;10.5;-14.1 ;Select 
Millenium Holding 2040;MH2;2;Bond;19;17.0;8.8;16.9;-11.4 ;Gold 
Principal 3000 Revenue;P3R;5;Equity;15;11.5;-7.4;8.1;-15.9 ;Select
Adams Management Century;AMC;2;Multi-Asset;16;1.0;5.0;-4.6;7.6 ;Select 
Franklin 100 3000;F13;3;Equity;20;15.3;-1.8;-11.3;8.6 ;Van Gogh 
Jefferson Madison Adams;JMA;4;Commodity;34;-17.5;-5.7;3.6;14.7 ;Select 
Holding Index Trust;HIT;5;Equity;22;-17.1;-8.3;19.8;-12.2 ;Select 
Market Predictive Holding;MPH;1;Bond;39;1.5;3.0;0.0;10.5 ;Select 
Capital 100 Retirement;C1R;5;Commodity;5;-18.2;18.1;3.0;-16.1 ;Van Gogh
500 Retirement Cash;5RC;5;Volatility;21;-11.8;0.4;-9.8;-0.1 ;Van Gogh 
Retirement 2040 Washington;R2W;3;Fixed Income;29;6.1;-16.2;4.4;19.7 ;Van Gogh 
Holding International Principal;HIP;4;Fixed Income;5;-6.4;-14.6;-0.5;-12.2 ;Select 
Franklin American Predictive;FAP;2;Currency;30;10.6;-10.7;-19.0;0.8 ;Gold 
Madison Treasury Diversified;MTD;4;Equity;27;17.5;-6.1;17.3;-7.7 ;Van Gogh 
Lincoln 2025 2040;L22;2;Equity;35;15.9;17.0;-10.3;2.9 ;Van Gogh 
Global Investments Retirement;GIR;5;Bond;2;-11.7;12.4;-17.7;14.8 ;Van Gogh 
First 500 Madison;F5M;1;Currency;40;12.8;16.8;-6.2;-20.0 ;Van Gogh 
Diversified Century 2025;DC2;2;Currency;36;-18.6;-11.7;5.5;-19.0 ;Select 
American Financials Revenue;AFR;3;Currency;24;11.7;5.8;19.6;10.9 ;Select 
Holding Diversified 2020;HD2;1;Fixed Income;19;9.1;19.4;-1.5;11.6 ;Gold 
Commodities Principal Index;CPI;4;Fixed Income;23;-10.1;17.7;19.3;-3.7 ;Select 
Index 500 Assets;I5A;1;Multi-Asset;37;12.8;-12.6;-14.6;-11.3 ;Gold 
Holding First Market;HFM;4;Currency;8;18.2;-6.4;12.7;2.2 ;Van Gogh 
300 Assets Holding;3AH;1;Equity;25;-8.0;-7.0;6.9;-15.3 ;Van Gogh 
Retirement Franklin Adams;RFA;1;Bond;23;10.5;-7.0;-16.6;2.7 ;Select 
2020 Capital Market;2CM;1;Currency;27;4.3;6.0;-12.4;-4.0 ;Gold 
500 2020 Principal;52P;4;Multi-Asset;12;11.2;-3.3;-8.7;6.1 ;Gold 
Target Jefferson Franklin;TJF;4;Bond;24;-4.9;-1.2;17.3;-0.1 ;Van Gogh 
Madison Commodities Index;MCI;5;Currency;20;-18.5;14.1;-15.0;3.3 ;Select 
Franklin Washington Global;FWG;2;Equity;13;14.0;-12.8;-10.9;-11.1 ;Select 
2020 International General;2IG;3;Volatility;30;-4.2;-14.2;-14.7;-8.3 ;Gold 
International 2025 Jefferson;I2J;3;Volatility;28;8.4;1.8;-9.8;-4.9 ;Van Gogh 
Management Predictive Treasury;MPT;4;Currency;39;-8.3;-13.8;2.6;-3.5 ;Gold 
Madison Investments 3000;MI3;5;Fixed Income;10;0.0;4.6;6.9;-12.3 ;Gold 
2030 500 Market;25M;2;Multi-Asset;2;8.6;9.4;-0.2;16.9 ;Gold 
2025 International Predictive;2IP;1;Currency;9;2.9;17.6;18.2;5.1 ;Gold 
Commodities American 3000;CA3;4;Fixed Income;21;-8.7;6.0;-1.8;10.6 ;Gold 
Principal Jefferson 2040;PJ2;5;Volatility;4;-5.2;8.0;-6.6;-6.3 ;Gold 
2020 Treasury Assets;2TA;2;Fixed Income;38;8.9;-7.8;18.7;-2.2 ;Gold 
Treasury 100 Diversified;T1D;4;Bond;8;5.8;-10.0;11.3;17.4 ;Gold 
Investments 2025 Hamilton;I2H;4;Bond;26;11.5;17.2;16.6;7.3 ;Gold 
General Market International;GMI;3;Fixed Income;19;7.2;-9.7;-11.7;0.5 ;Gold 
300 Commodities Washington;3CW;1;Currency;15;-6.8;16.4;-6.5;17.2 ;Gold 
Washington Hamilton Adams;WHA;3;Fixed Income;4;0.0;-15.1;-14.2;16.1 ;Gold 
Predictive Treasury 2030;PT2;4;Currency;0;-0.4;0.9;-16.9;10.8 ;Gold 
Lincoln Management 500;LM5;4;Fixed Income;19;-7.0;15.8;18.0;9.0 ;Gold 
100 2030 2040;122;2;Currency;27;5.9;-2.9;2.1;10.6 ;Gold 
Market Cash Management;MCM;1;Bond;3;-6.9;5.2;9.8;-2.8 ;Gold 
Madison General Adams;MGA;1;Multi-Asset;37;-4.5;12.5;12.9;0.7 ;Gold 
Global 300 2025;G32;5;Fixed Income;39;-6.0;2.9;-0.9;14.4 ;Gold 
American 100 International;A1I;3;Commodity;2;7.5;4.0;-4.6;1.6 ;Gold 
Millenium Hamilton Washington;MHW;2;Commodity;3;3.7;6.7;12.0;16.1 ;Gold 
International Cash Century;ICC;1;Currency;19;15.7;10.9;17.2;-11.1 ;Gold 
Predictive Fund Madison;PFM;5;Multi-Asset;1;-4.7;-15.2;2.4;-7.4 ;Gold 
Trust 2040 Management;T2M;1;Currency;31;-2.2;18.8;14.5;4.7 ;Gold 
Adams Diversified Principal;ADP;1;Currency;23;6.4;-6.6;-11.8;3.3 ;Van Gogh 
General 100 Hamilton;G1H;3;Multi-Asset;27;-0.2;-5.1;10.5;5.1 ;Van Gogh
Global Revenue Principal;GRP;3;Bond;32;10.1;17.2;18.5;-14.4 ;Gold 
Madison Commodities American;MCA;1;Commodity;11;18.2;11.4;6.6;12.4 ;Select 
Commodities 2020 Cash;C2C;2;Bond;11;-2.1;-7.5;-9.9;-16.3 ;Gold 
Target 3000 Commodities;T3C;2;Commodity;15;15.3;-3.9;-5.9;1.7 ;Select
Trust 2025 American;T2A;3;Bond;27;-19.4;-4.6;4.4;14.4 ;Select 
Market Holding Lincoln;MHL;2;Volatility;6;11.4;19.6;-0.4;-18.1 ;Van Gogh 
Hamilton American Predictive;HAP;2;Bond;3;6.7;2.5;2.1;16.8 ;Select 
Holding Lincoln Century;HLC;4;Commodity;9;-13.1;3.7;-3.8;-2.5 ;Select 
Adams Assets Financials;AAF;3;Equity;37;-18.4;19.0;-14.6;3.2 ;Select 
International 300 Retirement;I3R;2;Bond;5;-8.0;-5.9;-17.7;9.2 ;Van Gogh
American Financials Lincoln;AFL;5;Currency;29;-5.0;1.0;11.3;-14.6 ;Van Gogh 
Assets Century Commodities;ACC;3;Volatility;11;-0.8;1.9;12.1;-18.9 ;Van Gogh 
Global 3000 American;G3A;4;Multi-Asset;2;-5.8;-2.7;-17.6;12.8 ;Select 
Jefferson Financials 2025;JF2;4;Commodity;11;-12.7;-4.6;5.5;-7.1 ;Gold 
Revenue 500 Assets;R5A;3;Bond;4;2.1;-12.7;-3.2;-7.9 ;Van Gogh 
General Madison Holding;GMH;4;Bond;5;-1.8;8.7;17.4;-19.0 ;Van Gogh 
Retirement Cash Assets;RCA;1;Multi-Asset;25;14.4;-10.3;-6.2;7.6 ;Van Gogh 
3000 Treasury Assets;3TA;4;Fixed Income;24;8.2;1.2;-18.7;-18.4 ;Van Gogh 
First Hamilton Lincoln;FHL;4;Bond;10;12.2;15.4;15.9;2.5 ;Select 
Financials Adams Diversified;FAD;5;Fixed Income;22;6.4;-15.7;18.8;19.1 ;Select 
Target American Investments;TAI;2;Equity;23;12.2;-10.3;-12.8;11.7 ;Gold 
2025 Franklin 300;2F3;4;Fixed Income;30;-13.4;-7.8;-2.9;10.0 ;Select 
Jefferson Global Treasury;JGT;5;Commodity;32;17.6;3.6;12.9;9.7 ;Gold 
100 2020 Target;12T;4;Commodity;18;3.5;16.9;-12.9;11.2 ;Van Gogh 
2040 Treasury Madison;2TM;3;Bond;23;7.1;6.3;11.8;0.5 ;Van Gogh 
Predictive 2030 Investments;P2I;5;Multi-Asset;11;-3.7;14.5;-9.0;-7.7 ;Select 
International Capital Century;ICC;3;Currency;36;17.6;19.2;2.5;-18.7 ;Gold 
300 Revenue Assets;3RA;2;Bond;9;8.0;3.0;19.5;-2.8 ;Gold 
Lincoln 2025 Jefferson;L2J;4;Currency;20;-6.6;-19.7;-2.0;4.9 ;Van Gogh 
Retirement 100 Washington;R1W;3;Equity;28;-5.5;8.2;-13.5;0.5 ;Select 
Index Millenium Assets;IMA;1;Multi-Asset;35;0.4;2.2;16.0;14.6 ;Select 
Adams General Retirement;AGR;4;Volatility;13;-18.3;-7.5;5.1;-12.6 ;Gold 
300 Century Investments;3CI;4;Multi-Asset;39;-5.2;17.4;15.4;13.8 ;Van Gogh 
2025 Assets Lincoln;2AL;1;Volatility;37;13.2;-3.4;10.2;11.9 ;Gold 
Holding Franklin Global;HFG;4;Multi-Asset;21;14.4;-16.0;-16.1;-10.7 ;Gold 
Franklin Capital Cash;FCC;4;Currency;26;3.7;-15.8;-17.2;-16.8 ;Gold 
2020 Predictive Diversified;2PD;3;Bond;23;9.8;-4.5;5.6;10.5 ;Gold 
Hamilton Diversified Trust;HDT;4;Currency;19;8.8;-2.1;2.2;11.4 ;Gold 
Predictive Index 300;PI3;5;Equity;13;13.8;-10.6;16.2;11.1 ;Gold 
2025 Fund Market;2FM;5;Currency;30;-6.0;-6.3;7.8;-10.9 ;Gold 
Index 3000 Predictive;I3P;5;Currency;36;2.7;8.3;15.5;15.1 ;Gold 
American Adams 2025;AA2;2;Volatility;30;-2.0;-13.7;17.0;12.7 ;Gold 
Principal Cash 100;PC1;3;Fixed Income;4;5.7;-18.8;-10.5;-17.4 ;Gold 
Century Financials Cash;CFC;2;Bond;16;-12.6;10.8;7.8;-13.0 ;Gold 
Global Treasury Adams;GTA;1;Commodity;28;-1.6;10.7;3.6;-8.9 ;Gold 
2025 Jefferson Revenue;2JR;4;Equity;19;12.3;4.0;16.4;5.2 ;Gold 
2020 Jefferson Target;2JT;4;Multi-Asset;10;8.8;7.2;2.3;0.7 ;Gold 
Madison Millenium 500;MM5;3;Fixed Income;27;18.7;-17.2;-14.7;-0.1 ;Gold 
Trust Lincoln First;TLF;2;Volatility;31;16.1;-3.7;-2.9;-13.9 ;Gold 
American Predictive Principal;APP;3;Multi-Asset;1;-15.7;19.8;19.5;-8.3 ;Gold 
Diversified 2025 Assets;D2A;5;Multi-Asset;8;-11.1;10.2;2.4;6.5 ;Gold 
Hamilton Lincoln Diversified;HLD;3;Multi-Asset;31;19.6;8.9;0.5;16.1 ;Gold 
Holding 3000 Target;H3T;1;Multi-Asset;23;-10.1;14.8;11.7;-13.7 ;Gold 
2030 Management Commodities;2MC;5;Equity;2;8.9;7.3;-2.7;8.3 ;Gold 
Franklin Index Revenue;FIR;1;Commodity;33;-8.8;18.5;-18.2;-19.3 ;Gold 
Century Investments Madison;CIM;2;Multi-Asset;4;-12.0;12.4;12.9;-9.5 ;Gold 
Washington Treasury Madison;WTM;2;Multi-Asset;20;3.2;-19.4;14.5;1.5 ;Van Gogh 
Millenium 2030 500;M25;4;Multi-Asset;21;3.0;-17.8;-1.5;-2.9 ;Van Gogh
Principal Retirement Assets;PRA;5;Fixed Income;9;-1.4;-10.1;9.9;17.7 ;Gold 
Millenium Lincoln Market;MLM;4;Currency;13;-6.2;-16.6;0.0;-1.1 ;Select 
Management Global Century;MGC;4;Commodity;17;-17.4;12.5;17.4;2.2 ;Gold 
Millenium Predictive Diversified;MPD;1;Multi-Asset;34;-16.0;15.4;14.4;-4.2 ;Select
Predictive Adams International;PAI;4;Bond;6;-7.6;-14.9;-6.6;19.9 ;Select 
American Investments Adams;AIA;5;Volatility;38;15.7;-0.2;16.3;12.0 ;Van Gogh 
300 2025 Management;32M;5;Commodity;19;-6.6;2.9;2.9;-11.0 ;Select 
2025 2025 500;225;2;Bond;39;18.1;2.1;1.9;-3.9 ;Select 
General Franklin Treasury;GFT;2;Multi-Asset;39;13.9;6.7;-16.6;-3.6 ;Select 
Hamilton First Trust;HFT;2;Equity;12;6.0;-14.7;10.0;5.1 ;Van Gogh
Commodities Jefferson 100;CJ1;5;Commodity;40;-18.9;5.8;9.3;15.1 ;Van Gogh 
2020 Retirement Century;2RC;4;Equity;35;13.7;8.8;2.3;11.2 ;Van Gogh 
Diversified Franklin Fund;DFF;5;Bond;13;1.5;0.8;7.0;-16.9 ;Select 
American First Retirement;AFR;4;Volatility;14;-10.4;-3.3;18.7;-16.7 ;Gold 
Century Index American;CIA;3;Commodity;34;19.5;12.2;4.8;-5.4 ;Van Gogh 
Lincoln International 500;LI5;3;Currency;21;-4.9;12.6;-10.3;8.5 ;Van Gogh 
Retirement 2040 Predictive;R2P;4;Currency;16;-8.5;-16.7;2.7;-7.8 ;Van Gogh 
Trust First Cash;TFC;2;Currency;32;2.9;18.0;0.0;-11.1 ;Van Gogh 
300 2030 Jefferson;32J;3;Volatility;29;18.3;-18.3;-1.0;-10.4 ;Select 
International 2025 Principal;I2P;2;Volatility;21;-1.7;6.0;11.1;12.5 ;Select 
Predictive Index Madison;PIM;2;Equity;29;7.9;-19.7;-6.0;-16.4 ;Gold 
Lincoln Target Global;LTG;1;Fixed Income;9;11.2;-9.9;-7.9;4.4 ;Select 
Cash Index Assets;CIA;1;Equity;16;-18.0;18.8;-19.3;5.0 ;Gold 
Lincoln Millenium Index;LMI;5;Multi-Asset;38;19.7;18.8;-15.1;15.1 ;Van Gogh 
2025 Management Assets;2MA;5;Fixed Income;17;-9.3;-15.7;-19.3;-8.8 ;Van Gogh 
American Lincoln Washington;ALW;1;Multi-Asset;26;4.3;13.3;-14.5;-8.2 ;Select 
2030 International Revenue;2IR;1;Volatility;32;5.1;6.9;-3.2;3.2 ;Gold 
Fund Trust Predictive;FTP;3;Fixed Income;21;-19.1;4.2;-11.7;0.7 ;Gold 
2025 Market Index;2MI;3;Currency;7;-5.6;-3.4;-2.5;-8.1 ;Van Gogh 
Hamilton 500 Adams;H5A;1;Bond;24;-2.7;-17.6;-1.1;-8.1 ;Select 
Capital Lincoln Adams;CLA;5;Currency;22;-6.7;6.6;11.4;-19.1 ;Select 
3000 Lincoln Investments;3LI;5;Multi-Asset;5;-6.4;-19.9;8.2;-15.6 ;Gold 
Washington Retirement Revenue;WRR;4;Multi-Asset;26;10.6;11.8;-17.2;-8.9 ;Van Gogh 
Fund 3000 Holding;F3H;1;Bond;26;10.9;-11.9;16.2;-11.9 ;Gold 
Millenium Diversified 3000;MD3;4;Fixed Income;40;15.5;-9.4;-9.0;-17.1 ;Gold 
Cash Index 3000;CI3;4;Currency;26;17.5;4.6;10.9;-7.9 ;Gold 
Trust Retirement Washington;TRW;4;Currency;2;-19.9;-15.2;-19.4;-3.5 ;Gold 
Trust Washington 2040;TW2;3;Currency;4;5.6;-12.3;-6.1;12.2 ;Gold 
Franklin Trust Principal;FTP;1;Bond;39;-19.0;11.9;1.3;-1.4 ;Gold 
First Washington Diversified;FWD;1;Volatility;14;-14.1;-19.7;-14.7;18.0 ;Gold 
500 First Fund;5FF;5;Currency;6;9.1;-3.4;-3.9;-0.1 ;Gold 
International Franklin Management;IFM;2;Equity;34;5.8;5.6;-3.3;10.1 ;Gold 
2030 2040 Holding;22H;3;Commodity;7;-1.1;-3.8;-19.3;4.4 ;Gold 
Management Treasury Capital;MTC;1;Fixed Income;19;3.1;-13.3;7.6;17.6 ;Gold 
Financials Global 2040;FG2;4;Currency;4;-3.8;-3.6;-7.0;16.0 ;Gold 
Treasury Jefferson Hamilton;TJH;3;Fixed Income;36;3.3;-0.8;-15.9;-16.9 ;Gold 
American International General;AIG;1;Volatility;5;-0.1;-18.9;3.3;-12.4 ;Gold 
2020 500 Financials;25F;4;Fixed Income;24;-9.6;-1.9;2.8;17.7 ;Gold 
Trust Global 2025;TG2;5;Multi-Asset;9;-8.8;-5.4;13.8;11.9 ;Gold 
300 2030 Trust;32T;4;Multi-Asset;0;-18.4;-5.8;19.1;1.3 ;Gold 
Millenium Principal Treasury;MPT;1;Currency;4;17.6;15.4;-4.1;11.9 ;Gold 
Madison Index 2025;MI2;2;Fixed Income;3;19.1;-3.9;19.1;16.4 ;Gold 
Capital Diversified Market;CDM;1;Bond;37;-16.1;12.9;-14.7;19.7 ;Gold 
General 2025 Fund;G2F;1;Bond;30;-15.5;-7.9;4.4;-0.2 ;Gold 
Holding Trust Millenium;HTM;2;Currency;37;18.6;-5.9;12.7;-0.9 ;Gold 
Diversified Lincoln Treasury;DLT;2;Commodity;4;15.3;1.7;-3.3;0.7 ;Gold 
300 Madison Global;3MG;5;Commodity;34;-14.6;4.9;18.4;19.9 ;Van Gogh 
Century 300 General;C3G;5;Currency;33;10.0;18.1;4.3;17.0 ;Van Gogh
Holding Market General;HMG;4;Fixed Income;10;14.2;-0.4;-6.0;17.1 ;Gold 
Market 100 3000;M13;3;Fixed Income;4;-0.2;-3.3;6.1;-15.1 ;Select 
2040 Assets Retirement;2AR;5;Bond;37;-11.5;-13.4;5.8;-11.3 ;Gold 
Index Commodities Capital;ICC;3;Multi-Asset;33;10.1;-12.4;9.8;17.6 ;Select
American Predictive Revenue;APR;4;Fixed Income;39;16.4;10.9;2.1;15.8 ;Select 
Management Adams 2025;MA2;5;Volatility;25;19.2;-6.2;6.6;-14.2 ;Van Gogh 
Millenium Financials Franklin;MFF;4;Volatility;40;-15.3;16.2;15.0;1.1 ;Select 
American Franklin 500;AF5;4;Multi-Asset;40;1.4;9.8;-18.5;9.2 ;Select 
Financials Management Global;FMG;4;Bond;12;2.5;-8.2;-12.8;0.3 ;Select 
Fund American 3000;FA3;2;Currency;26;-17.4;-12.8;1.9;8.4 ;Van Gogh
Commodities Investments Assets;CIA;5;Equity;7;15.4;-16.1;11.2;2.9 ;Van Gogh 
Target American International;TAI;3;Bond;16;1.8;-13.2;-4.4;4.1 ;Van Gogh 
Revenue Principal Investments;RPI;1;Volatility;22;-2.4;3.6;-10.8;-15.2 ;Select 
500 Predictive Assets;5PA;1;Volatility;34;-6.8;-7.8;19.5;8.8 ;Gold 
International 3000 2025;I32;3;Currency;1;4.3;-10.2;-1.9;15.2 ;Van Gogh 
3000 Trust Market;3TM;5;Commodity;38;8.9;-5.3;11.0;-14.3 ;Van Gogh 
Franklin Lincoln General;FLG;5;Equity;34;-3.9;-14.0;18.0;6.2 ;Van Gogh 
Holding Jefferson Management;HJM;3;Equity;37;-4.4;-17.5;-16.3;-9.4 ;Van Gogh 
Hamilton Madison Market;HMM;1;Currency;17;-7.1;-17.4;-5.0;-18.0 ;Select 
Principal 300 Holding;P3H;1;Commodity;23;18.5;13.0;-0.5;-1.9 ;Select 
Financials Trust Market;FTM;4;Fixed Income;21;-9.2;12.9;13.3;-2.4 ;Gold 
Washington Diversified Century;WDC;1;Fixed Income;14;-8.3;-7.8;-3.8;10.2 ;Select 
500 Principal Holding;5PH;4;Fixed Income;22;17.0;1.0;10.4;2.8 ;Gold 
Trust Retirement Management;TRM;5;Currency;12;4.7;-19.2;14.4;-16.5 ;Van Gogh 
100 Retirement Diversified;1RD;5;Currency;17;16.0;18.5;12.5;-2.8 ;Van Gogh 
Predictive Washington Global;PWG;4;Commodity;16;14.7;11.1;2.0;8.4 ;Select 
Millenium Principal 2040;MP2;4;Equity;13;-9.3;-16.4;13.0;10.9 ;Gold 
Millenium Investments 3000;MI3;1;Fixed Income;22;-11.2;7.3;-7.5;-9.5 ;Gold 
General Predictive 2030;GP2;4;Fixed Income;19;18.7;-1.3;-3.2;15.1 ;Van Gogh 
International Target Market;ITM;5;Bond;23;4.8;9.5;-8.3;11.6 ;Select 
Retirement Predictive Holding;RPH;4;Multi-Asset;17;-11.5;10.7;-8.9;-15.6 ;Select 
Millenium 3000 American;M3A;4;Currency;39;-5.8;-13.0;-8.3;-11.4 ;Gold 
2030 Trust Global;2TG;3;Multi-Asset;3;-19.4;-6.6;-7.9;14.7 ;Van Gogh 
International Predictive First;IPF;1;Volatility;20;-8.5;1.0;-16.6;17.0 ;Gold 
Treasury Financials Cash;TFC;1;Multi-Asset;40;-4.2;17.5;-2.1;1.2 ;Gold 
Hamilton Revenue Holding;HRH;4;Commodity;28;-9.9;17.1;17.3;-19.1 ;Gold 
2025 2020 Treasury;22T;2;Equity;29;15.5;-5.8;-10.6;-11.8 ;Gold 
100 Predictive 2020;1P2;4;Volatility;40;-19.9;-16.4;-7.1;13.9 ;Gold 
Index Century 300;IC3;3;Bond;18;-18.5;17.8;-13.3;19.2 ;Gold 
Treasury Washington 300;TW3;2;Volatility;9;-13.3;10.3;15.0;-11.3 ;Gold 
2030 Retirement Management;2RM;3;Fixed Income;21;10.4;11.1;15.3;-17.7 ;Gold 
Trust Assets Index;TAI;3;Bond;9;9.4;-13.1;3.1;2.1 ;Gold 
Diversified Predictive Jefferson;DPJ;2;Bond;18;-6.0;3.1;-4.6;-2.9 ;Gold 
Franklin Fund 500;FF5;2;Fixed Income;14;7.1;-12.7;13.0;-18.2 ;Gold 
Century Millenium Revenue;CMR;3;Equity;31;-7.2;-15.8;4.6;-16.9 ;Gold 
Predictive Lincoln General;PLG;2;Equity;40;-0.5;12.4;-2.9;-3.3 ;Gold 
First Principal Global;FPG;5;Fixed Income;40;15.3;8.4;-2.8;3.0 ;Gold 
Madison 2030 Hamilton;M2H;2;Volatility;0;3.2;8.7;1.4;-17.0 ;Gold 
Cash Commodities Capital;CCC;3;Fixed Income;20;12.2;-4.2;-19.4;9.3 ;Gold 
Cash Hamilton Lincoln;CHL;4;Commodity;15;-9.6;-17.2;8.2;-1.5 ;Gold 
Franklin Predictive Investments;FPI;4;Fixed Income;36;1.8;10.4;-12.4;11.8 ;Gold 
Fund International Investments;FII;3;Volatility;11;-11.8;17.1;8.0;12.2 ;Gold 
2030 Management Jefferson;2MJ;1;Volatility;13;-0.4;15.0;6.6;15.5 ;Gold 
Madison 2025 Trust;M2T;4;Equity;19;6.9;-5.8;-1.8;-19.4 ;Gold 
Franklin 2040 100;F21;4;Commodity;0;-4.1;-14.2;-7.5;-8.0 ;Gold 
Index Global General;IGG;5;Multi-Asset;24;-1.8;8.8;15.4;-6.3 ;Gold 
First General Principal;FGP;2;Equity;7;-9.2;19.5;3.8;1.1 ;Van Gogh 
Trust Jefferson Lincoln;TJL;5;Fixed Income;28;-4.5;13.1;-8.0;-11.1 ;Van Gogh
100 Retirement Management;1RM;3;Multi-Asset;35;19.5;12.9;-7.7;-18.9 ;Gold 
Hamilton Adams Diversified;HAD;4;Commodity;29;19.4;-18.7;17.2;12.3 ;Select 
Capital Washington 2040;CW2;5;Currency;2;-7.6;4.4;-8.4;15.3 ;Gold 
Diversified Fund Index;DFI;3;Multi-Asset;34;-19.7;-10.2;6.3;4.0 ;Select
100 Washington Holding;1WH;4;Currency;8;-15.6;-16.6;13.4;-12.4 ;Select 
Trust 2025 Diversified;T2D;3;Fixed Income;3;-5.6;-12.3;-19.6;16.1 ;Van Gogh 
Adams Global Retirement;AGR;2;Multi-Asset;22;-6.3;-19.1;3.2;-3.9 ;Select 
Global Predictive Hamilton;GPH;5;Fixed Income;6;13.5;13.5;9.3;2.6 ;Select 
2025 Retirement Cash;2RC;4;Commodity;24;15.5;17.0;2.8;-18.7 ;Select 
Cash Market Global;CMG;3;Equity;40;18.0;-13.3;-17.5;2.9 ;Van Gogh
First Financials Fund;FFF;5;Fixed Income;13;1.9;-9.7;-11.5;16.9 ;Van Gogh 
Lincoln Millenium Assets;LMA;4;Multi-Asset;11;-0.4;14.7;9.7;-1.2 ;Van Gogh 
Fund First Predictive;FFP;3;Equity;38;-3.8;19.0;11.4;-6.8 ;Select 
Revenue Assets Retirement;RAR;1;Volatility;10;-14.3;-7.7;-8.2;11.7 ;Gold 
Lincoln First Investments;LFI;4;Multi-Asset;32;15.4;0.0;1.4;-3.4 ;Van Gogh 
300 100 Diversified;31D;1;Fixed Income;29;12.5;5.4;-10.3;3.4 ;Van Gogh 
Management Predictive 3000;MP3;3;Commodity;22;-2.9;-18.9;-11.6;7.3 ;Van Gogh 
2025 300 Predictive;23P;4;Bond;14;-6.4;5.3;16.2;-14.4 ;Van Gogh 
Century Diversified 300;CD3;4;Currency;22;14.6;8.3;-0.2;10.9 ;Select 
Madison Holding Target;MHT;1;Commodity;6;14.9;0.7;-1.7;-13.4 ;Select 
Management 300 Franklin;M3F;4;Commodity;21;-18.3;0.1;12.1;5.6 ;Gold 
Jefferson Madison Lincoln;JML;4;Commodity;21;2.7;3.5;13.3;15.8 ;Select 
Washington Trust Treasury;WTT;5;Multi-Asset;25;14.9;-13.5;11.7;0.6 ;Gold 
500 Lincoln Hamilton;5LH;2;Multi-Asset;36;-3.4;-4.4;13.8;17.7 ;Van Gogh 
Trust General 300;TG3;2;Equity;18;-4.6;13.6;-6.1;-13.5 ;Van Gogh 
First Financials Treasury;FFT;4;Equity;24;-1.6;1.4;-18.9;-16.0 ;Select 
Target Management Market;TMM;3;Commodity;37;-11.4;-6.8;10.4;-2.0 ;Gold 
Investments Jefferson 2040;IJ2;3;Currency;25;11.4;-0.5;9.6;-14.8 ;Gold 
Investments Management American;IMA;1;Bond;31;-7.6;-3.4;17.9;-8.5 ;Van Gogh 
Adams Investments Target;AIT;1;Bond;15;5.4;-6.4;-6.4;-7.0 ;Select 
Commodities Millenium Lincoln;CML;1;Multi-Asset;30;-13.3;-13.2;9.3;-9.6 ;Select 
American Diversified Global;ADG;2;Currency;16;-5.5;7.0;5.4;-11.9 ;Gold 
Hamilton Lincoln Commodities;HLC;3;Currency;33;9.5;15.0;10.6;-14.6 ;Van Gogh 
Financials Treasury Target;FTT;3;Equity;1;7.1;-8.3;11.7;-17.1 ;Gold 
Commodities Predictive Market;CPM;1;Multi-Asset;2;10.0;7.0;14.4;-10.1 ;Gold 
2025 Revenue Financials;2RF;2;Multi-Asset;25;6.3;-6.7;3.7;8.2 ;Gold 
Century Lincoln Madison;CLM;3;Commodity;25;13.6;14.0;-3.8;-19.5 ;Gold 
Assets Financials Lincoln;AFL;4;Equity;6;-15.2;-4.5;3.7;-12.5 ;Gold 
American Washington First;AWF;1;Fixed Income;22;8.3;14.8;15.2;-17.1 ;Gold 
Adams Century 3000;AC3;5;Bond;12;-18.8;1.1;-11.8;2.1 ;Gold 
Index 300 2020;I32;2;Currency;15;-14.4;-0.1;-6.1;10.1 ;Gold 
Cash International Management;CIM;1;Fixed Income;0;-13.1;4.4;-8.5;4.9 ;Gold 
Financials Adams 2040;FA2;1;Equity;20;10.0;1.3;-5.4;-17.0 ;Gold 
Treasury Financials Franklin;TFF;3;Volatility;9;17.9;17.7;1.2;-5.3 ;Gold 
2020 2025 Commodities;22C;2;Bond;5;-10.7;-4.8;6.4;14.2 ;Gold 
Holding Index 3000;HI3;5;Volatility;1;5.5;19.0;-13.1;-11.2 ;Gold 
Global Capital Financials;GCF;4;Currency;23;-19.6;-11.0;-18.5;-15.3 ;Gold 
Franklin Revenue 2025;FR2;5;Equity;3;4.3;-17.4;-0.6;-7.8 ;Gold 
2025 Financials 300;2F3;3;Equity;8;-15.3;13.4;-9.3;-4.1 ;Gold 
Capital Hamilton Revenue;CHR;2;Currency;23;0.7;15.9;-17.9;12.0 ;Gold 
Treasury Cash Commodities;TCC;1;Currency;35;-3.5;-14.6;18.4;-20.0 ;Gold 
Washington Commodities Fund;WCF;1;Bond;39;5.9;12.1;12.8;15.7 ;Gold 
Investments Lincoln Diversified;ILD;4;Commodity;29;-12.0;-3.8;13.5;19.4 ;Gold 
Franklin Century Principal;FCP;4;Commodity;40;17.6;-8.9;5.7;-9.2 ;Gold 
First Global 3000;FG3;4;Volatility;14;12.7;7.2;9.0;-16.0 ;Gold 
Century General International;CGI;4;Multi-Asset;13;16.4;0.0;11.0;11.7 ;Gold 
Treasury 2025 Market;T2M;2;Volatility;6;16.5;15.8;-7.9;15.2 ;Van Gogh 
Trust Franklin Retirement;TFR;1;Volatility;27;-13.1;-14.1;10.7;-10.8 ;Van Gogh
Adams 2040 Predictive;A2P;2;Multi-Asset;28;10.4;16.2;16.2;10.8 ;Gold 
Madison Principal Retirement;MPR;3;Equity;22;-15.9;16.5;-9.0;18.3 ;Select 
2025 Management Retirement;2MR;3;Commodity;14;0.0;12.0;4.2;10.2 ;Gold 
Commodities Century Assets;CCA;2;Bond;14;-8.5;-7.3;16.0;-18.2 ;Select
American Index Assets;AIA;2;Commodity;32;-16.3;-13.4;-12.2;-9.6 ;Select 
2020 Cash 100;2C1;5;Multi-Asset;18;8.3;4.4;-12.0;-13.9 ;Van Gogh 
Fund Century Adams;FCA;1;Bond;28;17.4;9.0;-0.1;-7.0 ;Select 
Millenium Washington Trust;MWT;4;Multi-Asset;33;-12.7;-7.5;16.2;1.1 ;Select 
300 Global 100;3G1;2;Fixed Income;25;5.1;-18.7;-10.3;-19.3 ;Select 
Predictive First 300;PF3;5;Fixed Income;28;4.9;3.0;15.3;-16.3 ;Van Gogh
Century Management Retirement;CMR;3;Fixed Income;40;-16.2;-2.9;-4.5;-16.3 ;Van Gogh 
Cash Target 2025;CT2;4;Currency;10;-0.3;-0.9;-8.4;1.6 ;Van Gogh 
Madison Principal Century;MPC;2;Multi-Asset;32;9.6;6.2;-11.6;-8.6 ;Select 
